{"cameraMode":{"drawMode":0,"name":"Shaded","section":"Shading Mode"},"sceneLighting":true,"audioPlay":false,"sceneViewState":{"showFog":false,"showMaterialUpdate":false,"showSkybox":true,"showFlares":true,"showImageEffects":true,"showParticleSystems":true},"in2DMode":false,"pivot":{"x":-0.1334667205810547,"y":0.7603855133056641,"z":-20.50159454345703},"rotation":{"x":-0.06857582926750183,"y":0.13930411636829377,"z":-0.009670162573456765,"w":-0.9878267645835877},"size":13.916509628295899,"orthographic":false}